{"cameraMode":{"drawMode":0,"name":"Shaded","section":"Shading Mode"},"sceneLighting":false,"audioPlay":false,"sceneViewState":{"m_AlwaysRefresh":false,"showFog":true,"showSkybox":false,"showFlares":true,"showImageEffects":true,"showParticleSystems":true,"showVisualEffectGraphs":true,"m_FxEnabled":true},"in2DMode":false,"pivot":{"x":1.2149182558059693,"y":15.067233085632325,"z":-2.5178115367889406},"rotation":{"x":0.14591550827026368,"y":-0.4087955951690674,"z":0.06638650596141815,"w":0.8984541296958923},"size":16.817214965820314,"orthographic":false}