{"cameraMode":{"drawMode":0,"name":"Shaded","section":"Shading Mode"},"sceneLighting":true,"audioPlay":false,"sceneViewState":{"m_AlwaysRefresh":false,"showFog":true,"showSkybox":true,"showFlares":true,"showImageEffects":true,"showParticleSystems":true,"showVisualEffectGraphs":true,"m_FxEnabled":true},"in2DMode":false,"pivot":{"x":16.400022506713868,"y":-3.9788882732391359,"z":8.536628723144532},"rotation":{"x":0.2537740468978882,"y":0.48953524231910708,"z":-0.15143170952796937,"w":0.8203843235969544},"size":17.950359344482423,"orthographic":false}