{"cameraMode":{"drawMode":0,"name":"Shaded","section":"Shading Mode"},"sceneLighting":false,"audioPlay":false,"sceneViewState":{"m_AlwaysRefresh":false,"showFog":true,"showSkybox":false,"showFlares":true,"showImageEffects":true,"showParticleSystems":true,"showVisualEffectGraphs":true,"m_FxEnabled":true},"in2DMode":false,"pivot":{"x":-0.18497085571289063,"y":3.9674270153045656,"z":0.13443374633789063},"rotation":{"x":0.2012314349412918,"y":-0.632599413394928,"z":0.1750795692205429,"w":0.7271111607551575},"size":7.0944976806640629,"orthographic":false}