{"cameraMode":{"drawMode":0,"name":"Shaded","section":"Shading Mode"},"sceneLighting":false,"audioPlay":false,"sceneViewState":{"m_AlwaysRefresh":false,"showFog":true,"showSkybox":false,"showFlares":true,"showImageEffects":true,"showParticleSystems":true,"showVisualEffectGraphs":true,"m_FxEnabled":true},"in2DMode":false,"pivot":{"x":-0.18497085571289063,"y":3.9674270153045656,"z":0.13443374633789063},"rotation":{"x":-0.08555188030004502,"y":0.84748774766922,"z":-0.14390939474105836,"w":-0.5037522912025452},"size":7.0944976806640629,"orthographic":false}