{"cameraMode":{"drawMode":0,"name":"Shaded","section":"Shading Mode"},"sceneLighting":false,"audioPlay":false,"sceneViewState":{"m_AlwaysRefresh":false,"showFog":true,"showSkybox":false,"showFlares":true,"showImageEffects":true,"showParticleSystems":true,"showVisualEffectGraphs":true,"m_FxEnabled":true},"in2DMode":false,"pivot":{"x":117.8707046508789,"y":0.008559226989746094,"z":58.67608642578125},"rotation":{"x":0.20224176347255708,"y":-0.05725427716970444,"z":0.011844792403280735,"w":0.9775903820991516},"size":12.390860557556153,"orthographic":true}