{"cameraMode":{"drawMode":0,"name":"Shaded","section":"Shading Mode"},"sceneLighting":false,"audioPlay":false,"sceneViewState":{"m_AlwaysRefresh":false,"showFog":true,"showSkybox":false,"showFlares":true,"showImageEffects":true,"showParticleSystems":true,"showVisualEffectGraphs":true,"m_FxEnabled":true},"in2DMode":false,"pivot":{"x":0.015851378440856935,"y":0.3787013292312622,"z":0.0645553469657898},"rotation":{"x":0.20224176347255708,"y":-0.05725427716970444,"z":0.011844792403280735,"w":0.9775903820991516},"size":2.2069246768951418,"orthographic":true}