{"cameraMode":{"drawMode":0,"name":"Shaded","section":"Shading Mode"},"sceneLighting":false,"audioPlay":false,"sceneViewState":{"m_AlwaysRefresh":false,"showFog":true,"showSkybox":false,"showFlares":true,"showImageEffects":true,"showParticleSystems":true,"showVisualEffectGraphs":true,"m_FxEnabled":true},"in2DMode":false,"pivot":{"x":-0.19327501952648164,"y":0.5333492755889893,"z":0.8421555161476135},"rotation":{"x":0.21176382899284364,"y":0.7882746458053589,"z":-0.40799257159233096,"w":0.40918639302253725},"size":0.6830077767372131,"orthographic":false}