{"cameraMode":{"drawMode":0,"name":"Shaded","section":"Shading Mode"},"sceneLighting":false,"audioPlay":false,"sceneViewState":{"m_AlwaysRefresh":false,"showFog":true,"showSkybox":false,"showFlares":true,"showImageEffects":true,"showParticleSystems":true,"showVisualEffectGraphs":true,"m_FxEnabled":true},"in2DMode":false,"pivot":{"x":0.08399999141693115,"y":-0.03736152872443199,"z":-0.007653672248125076},"rotation":{"x":0.3997815251350403,"y":-0.39278167486190798,"z":0.19509291648864747,"w":0.8048840761184692},"size":0.4973768889904022,"orthographic":false}