{"cameraMode":{"drawMode":0,"name":"Shaded","section":"Shading Mode"},"sceneLighting":true,"audioPlay":false,"sceneViewState":{"m_AlwaysRefresh":false,"showFog":true,"showSkybox":true,"showFlares":true,"showImageEffects":true,"showParticleSystems":true,"showVisualEffectGraphs":true,"m_FxEnabled":true},"in2DMode":false,"pivot":{"x":5.085945129394531,"y":12.265748977661133,"z":17.889984130859376},"rotation":{"x":0.17029711604118348,"y":0.8061327338218689,"z":-0.27877190709114077,"w":0.49387043714523318},"size":2.915351390838623,"orthographic":false}