{"cameraMode":{"drawMode":0,"name":"Shaded","section":"Shading Mode"},"sceneLighting":true,"audioPlay":false,"sceneViewState":{"m_AlwaysRefresh":false,"showFog":true,"showSkybox":true,"showFlares":true,"showImageEffects":true,"showParticleSystems":true,"showVisualEffectGraphs":true,"m_FxEnabled":true},"in2DMode":false,"pivot":{"x":5.638082504272461,"y":11.852022171020508,"z":-0.5934416651725769},"rotation":{"x":0.06340362131595612,"y":0.9128854274749756,"z":-0.3720484972000122,"w":0.1555720418691635},"size":3.2434680461883547,"orthographic":false}