{"cameraMode":{"drawMode":0,"name":"Shaded","section":"Shading Mode"},"sceneLighting":true,"audioPlay":false,"sceneViewState":{"m_AlwaysRefresh":false,"showFog":true,"showSkybox":true,"showFlares":true,"showImageEffects":true,"showParticleSystems":true,"showVisualEffectGraphs":true,"m_FxEnabled":true},"in2DMode":false,"pivot":{"x":-2.505600690841675,"y":10.498209953308106,"z":8.385377883911133},"rotation":{"x":0.45064008235931399,"y":0.2207150161266327,"z":-0.11602959036827088,"w":0.8572102785110474},"size":16.396419525146486,"orthographic":false}