{"cameraMode":{"drawMode":0,"name":"Shaded","section":"Shading Mode"},"sceneLighting":true,"audioPlay":false,"sceneViewState":{"m_AlwaysRefresh":false,"showFog":true,"showSkybox":true,"showFlares":true,"showImageEffects":true,"showParticleSystems":true,"showVisualEffectGraphs":true,"m_FxEnabled":true},"in2DMode":false,"pivot":{"x":182.2360076904297,"y":70.7052993774414,"z":-6.829375267028809},"rotation":{"x":0.005999659653753042,"y":0.009999663569033146,"z":-0.00005999888890073635,"w":0.9999321699142456},"size":133.76817321777345,"orthographic":false}