{"cameraMode":{"drawMode":2,"name":"Shaded Wireframe","section":"Shading Mode"},"sceneLighting":true,"audioPlay":false,"sceneViewState":{"m_AlwaysRefresh":false,"showFog":true,"showSkybox":true,"showFlares":true,"showImageEffects":true,"showParticleSystems":true,"showVisualEffectGraphs":true,"m_FxEnabled":true},"in2DMode":false,"pivot":{"x":24.028274536132814,"y":-2.7313385009765627,"z":0.22081756591796876},"rotation":{"x":0.46399182081222536,"y":-0.21278496086597444,"z":0.06978751718997956,"w":0.8588393926620483},"size":126.91129302978516,"orthographic":false}