{"cameraMode":{"drawMode":0,"name":"Shaded","section":"Shading Mode"},"sceneLighting":true,"audioPlay":false,"sceneViewState":{"m_AlwaysRefresh":false,"showFog":true,"showSkybox":true,"showFlares":true,"showImageEffects":true,"showParticleSystems":true,"showVisualEffectGraphs":true,"m_FxEnabled":true},"in2DMode":false,"pivot":{"x":3.7528958320617677,"y":15.098371505737305,"z":15.977779388427735},"rotation":{"x":0.00502815842628479,"y":0.9310624599456787,"z":-0.3652071952819824,"w":0.014062793925404549},"size":1.8395357131958008,"orthographic":false}