{"cameraMode":{"drawMode":0,"name":"Shaded","section":"Shading Mode"},"sceneLighting":true,"audioPlay":false,"sceneViewState":{"m_AlwaysRefresh":false,"showFog":true,"showSkybox":true,"showFlares":true,"showImageEffects":true,"showParticleSystems":true,"showVisualEffectGraphs":true,"m_FxEnabled":true},"in2DMode":false,"pivot":{"x":1.4223095178604127,"y":27.58857536315918,"z":-0.9149620532989502},"rotation":{"x":-0.09665971249341965,"y":-0.9029850363731384,"z":0.2811078131198883,"w":-0.31051573157310488},"size":1.5394515991210938,"orthographic":false}