{"cameraMode":{"drawMode":2,"name":"Shaded Wireframe","section":"Shading Mode"},"sceneLighting":true,"audioPlay":false,"sceneViewState":{"m_AlwaysRefresh":false,"showFog":true,"showSkybox":true,"showFlares":true,"showImageEffects":true,"showParticleSystems":true,"showVisualEffectGraphs":true,"m_FxEnabled":true},"in2DMode":false,"pivot":{"x":-0.03856256231665611,"y":41.977317810058597,"z":-9.570796012878418},"rotation":{"x":0.5214112997055054,"y":0.006144552491605282,"z":-0.0038767699152231218,"w":0.8535090088844299},"size":0.05282967537641525,"orthographic":false}