{"cameraMode":{"drawMode":0,"name":"Shaded","section":"Shading Mode"},"sceneLighting":true,"audioPlay":false,"sceneViewState":{"m_AlwaysRefresh":false,"showFog":true,"showSkybox":true,"showFlares":true,"showImageEffects":true,"showParticleSystems":true,"showVisualEffectGraphs":true,"m_FxEnabled":true},"in2DMode":false,"pivot":{"x":1.7246572971343995,"y":28.452590942382814,"z":-1.0862981081008912},"rotation":{"x":0.052727971225976947,"y":0.943113386631012,"z":-0.1809724122285843,"w":0.27443259954452517},"size":1.1422728300094605,"orthographic":false}