{"cameraMode":{"drawMode":0,"name":"Shaded","section":"Shading Mode"},"sceneLighting":false,"audioPlay":false,"sceneViewState":{"m_AlwaysRefresh":false,"showFog":true,"showSkybox":true,"showFlares":true,"showImageEffects":true,"showParticleSystems":true,"showVisualEffectGraphs":true,"m_FxEnabled":true},"in2DMode":false,"pivot":{"x":-41.7377815246582,"y":139.21749877929688,"z":-89.23111724853516},"rotation":{"x":0.7138495445251465,"y":-0.004201690666377544,"z":0.004283148795366287,"w":0.7002735137939453},"size":26.127967834472658,"orthographic":false}