{"cameraMode":{"drawMode":0,"name":"Shaded","section":"Shading Mode"},"sceneLighting":true,"audioPlay":false,"sceneViewState":{"m_AlwaysRefresh":false,"showFog":true,"showSkybox":true,"showFlares":true,"showImageEffects":true,"showParticleSystems":true,"showVisualEffectGraphs":true,"m_FxEnabled":true},"in2DMode":false,"pivot":{"x":135.1362762451172,"y":42.702850341796878,"z":197.6230926513672},"rotation":{"x":-0.022825781255960466,"y":-0.12207068502902985,"z":0.0028084400109946729,"w":-0.9922587275505066},"size":254.14480590820313,"orthographic":false}