{"cameraMode":{"drawMode":0,"name":"Shaded","section":"Shading Mode"},"sceneLighting":true,"audioPlay":false,"sceneViewState":{"m_AlwaysRefresh":false,"showFog":true,"showSkybox":true,"showFlares":true,"showImageEffects":true,"showParticleSystems":true,"showVisualEffectGraphs":true,"m_FxEnabled":true},"in2DMode":false,"pivot":{"x":6.755483627319336,"y":14.579127311706543,"z":19.373979568481447},"rotation":{"x":0.0454571470618248,"y":-0.2377631962299347,"z":0.011093564331531525,"w":0.970394492149353},"size":0.23100735247135163,"orthographic":true}