{"cameraMode":{"drawMode":0,"name":"Shaded","section":"Shading Mode"},"sceneLighting":false,"audioPlay":false,"sceneViewState":{"m_AlwaysRefresh":false,"showFog":true,"showSkybox":true,"showFlares":true,"showImageEffects":true,"showParticleSystems":true,"showVisualEffectGraphs":true,"m_FxEnabled":true},"in2DMode":false,"pivot":{"x":-14.762787818908692,"y":89.4612045288086,"z":13.787771224975586},"rotation":{"x":0.30293917655944826,"y":0.32917550206184389,"z":-0.11239246279001236,"w":0.8873317241668701},"size":55.469966888427737,"orthographic":false}