{"cameraMode":{"drawMode":0,"name":"Shaded","section":"Shading Mode"},"sceneLighting":true,"audioPlay":false,"sceneViewState":{"m_AlwaysRefresh":false,"showFog":true,"showSkybox":true,"showFlares":true,"showImageEffects":true,"showParticleSystems":true,"showVisualEffectGraphs":true,"m_FxEnabled":true},"in2DMode":false,"pivot":{"x":2.5376338958740236,"y":13.510235786437989,"z":11.977967262268067},"rotation":{"x":0.11258073896169663,"y":-0.8504292964935303,"z":0.201433926820755,"w":0.4733150899410248},"size":1.0952521562576295,"orthographic":false}