{"cameraMode":{"drawMode":0,"name":"Shaded","section":"Shading Mode"},"sceneLighting":true,"audioPlay":false,"sceneViewState":{"m_AlwaysRefresh":false,"showFog":true,"showSkybox":true,"showFlares":true,"showImageEffects":true,"showParticleSystems":true,"showVisualEffectGraphs":true,"m_FxEnabled":true},"in2DMode":false,"pivot":{"x":1.3732496500015259,"y":28.63306427001953,"z":-0.4319540560245514},"rotation":{"x":0.21712589263916017,"y":0.16195356845855714,"z":-0.036556318402290347,"w":0.9619231820106506},"size":1.2548842430114747,"orthographic":false}