{"cameraMode":{"drawMode":0,"name":"Shaded","section":"Shading Mode"},"sceneLighting":true,"audioPlay":false,"sceneViewState":{"m_AlwaysRefresh":false,"showFog":true,"showSkybox":true,"showFlares":true,"showImageEffects":true,"showParticleSystems":true,"showVisualEffectGraphs":true,"m_FxEnabled":true},"in2DMode":false,"pivot":{"x":386.326416015625,"y":279.7715759277344,"z":-23.85425567626953},"rotation":{"x":0.025445464998483659,"y":0.031144598498940469,"z":0.002446634229272604,"w":-0.9995152354240418},"size":80.81938171386719,"orthographic":false}