{"cameraMode":{"drawMode":0,"name":"Shaded","section":"Shading Mode"},"sceneLighting":true,"audioPlay":false,"sceneViewState":{"m_AlwaysRefresh":false,"showFog":true,"showSkybox":true,"showFlares":true,"showImageEffects":true,"showParticleSystems":true,"showVisualEffectGraphs":true,"m_FxEnabled":true},"in2DMode":false,"pivot":{"x":1.7870614528656006,"y":28.36896514892578,"z":-0.8216012716293335},"rotation":{"x":0.07358135282993317,"y":0.9265590906143189,"z":-0.2576468884944916,"w":0.2648162543773651},"size":1.3606621026992798,"orthographic":false}