{"cameraMode":{"drawMode":0,"name":"Shaded","section":"Shading Mode"},"sceneLighting":true,"audioPlay":false,"sceneViewState":{"m_AlwaysRefresh":false,"showFog":true,"showSkybox":true,"showFlares":true,"showImageEffects":true,"showParticleSystems":true,"showVisualEffectGraphs":true,"m_FxEnabled":true},"in2DMode":false,"pivot":{"x":-0.9927077889442444,"y":16.738140106201173,"z":-60.452186584472659},"rotation":{"x":-0.2918170392513275,"y":-0.6437614560127258,"z":0.295478880405426,"w":-0.6432787179946899},"size":0.022796541452407838,"orthographic":false}