{"cameraMode":{"drawMode":0,"name":"Shaded","section":"Shading Mode"},"sceneLighting":true,"audioPlay":false,"sceneViewState":{"m_AlwaysRefresh":false,"showFog":true,"showSkybox":true,"showFlares":true,"showImageEffects":true,"showParticleSystems":true,"showVisualEffectGraphs":true,"m_FxEnabled":true},"in2DMode":false,"pivot":{"x":7.5662455558776859,"y":12.270865440368653,"z":33.943241119384769},"rotation":{"x":-0.00427108583971858,"y":-0.8274809122085571,"z":0.006165476981550455,"w":-0.5617380738258362},"size":0.3107881546020508,"orthographic":true}