{"cameraMode":{"drawMode":0,"name":"Shaded","section":"Shading Mode"},"sceneLighting":true,"audioPlay":false,"sceneViewState":{"m_AlwaysRefresh":false,"showFog":true,"showSkybox":true,"showFlares":true,"showImageEffects":true,"showParticleSystems":true,"showVisualEffectGraphs":true,"m_FxEnabled":true},"in2DMode":false,"pivot":{"x":26.607635498046876,"y":-3.0155105590820314,"z":-54.72274398803711},"rotation":{"x":0.28707385063171389,"y":0.3206358850002289,"z":-0.10492822527885437,"w":0.8969454765319824},"size":23.690914154052736,"orthographic":false}