{"cameraMode":{"drawMode":0,"name":"Shaded","section":"Shading Mode"},"sceneLighting":true,"audioPlay":false,"sceneViewState":{"m_AlwaysRefresh":false,"showFog":true,"showSkybox":true,"showFlares":true,"showImageEffects":true,"showParticleSystems":true,"showVisualEffectGraphs":true,"m_FxEnabled":true},"in2DMode":false,"pivot":{"x":2.4859981536865236,"y":18.239513397216798,"z":0.11990529298782349},"rotation":{"x":0.43154218792915347,"y":0.07269252091646195,"z":-0.03648970648646355,"w":0.8989018797874451},"size":0.08270309120416641,"orthographic":false}