{"cameraMode":{"drawMode":0,"name":"Shaded","section":"Shading Mode"},"sceneLighting":true,"audioPlay":false,"sceneViewState":{"m_AlwaysRefresh":false,"showFog":true,"showSkybox":true,"showFlares":true,"showImageEffects":true,"showParticleSystems":true,"showVisualEffectGraphs":true,"m_FxEnabled":true},"in2DMode":false,"pivot":{"x":16.83896827697754,"y":145.71444702148438,"z":-5.754525184631348},"rotation":{"x":-0.022714391350746156,"y":-0.9769142270088196,"z":0.16507689654827119,"w":-0.1344236135482788},"size":1.4357541799545289,"orthographic":false}