{"cameraMode":{"drawMode":0,"name":"Shaded","section":"Shading Mode"},"sceneLighting":false,"audioPlay":false,"sceneViewState":{"m_AlwaysRefresh":false,"showFog":true,"showSkybox":true,"showFlares":true,"showImageEffects":true,"showParticleSystems":true,"showVisualEffectGraphs":true,"m_FxEnabled":true},"in2DMode":false,"pivot":{"x":-41.657894134521487,"y":139.14450073242188,"z":-85.42273712158203},"rotation":{"x":0.7138495445251465,"y":-0.004201690666377544,"z":0.004283148795366287,"w":0.7002735137939453},"size":6.826587677001953,"orthographic":false}