{"cameraMode":{"drawMode":0,"name":"Shaded","section":"Shading Mode"},"sceneLighting":true,"audioPlay":false,"sceneViewState":{"m_AlwaysRefresh":false,"showFog":true,"showSkybox":true,"showFlares":true,"showImageEffects":true,"showParticleSystems":true,"showVisualEffectGraphs":true,"m_FxEnabled":true},"in2DMode":false,"pivot":{"x":1.9622080326080323,"y":28.114843368530275,"z":-1.2053778171539307},"rotation":{"x":0.08296196907758713,"y":0.9171388149261475,"z":-0.28249508142471316,"w":0.2692672312259674},"size":1.7731634378433228,"orthographic":false}