{"cameraMode":{"drawMode":0,"name":"Shaded","section":"Shading Mode"},"sceneLighting":false,"audioPlay":false,"sceneViewState":{"m_AlwaysRefresh":false,"showFog":true,"showSkybox":true,"showFlares":true,"showImageEffects":true,"showParticleSystems":true,"showVisualEffectGraphs":true,"m_FxEnabled":true},"in2DMode":false,"pivot":{"x":-15.491674423217774,"y":161.4095916748047,"z":-10.293231010437012},"rotation":{"x":-0.2777131199836731,"y":0.008327157236635685,"z":-0.0024430190678685905,"w":-0.9607064127922058},"size":21.81375503540039,"orthographic":false}