{"cameraMode":{"drawMode":0,"name":"Shaded","section":"Shading Mode"},"sceneLighting":true,"audioPlay":false,"sceneViewState":{"m_AlwaysRefresh":false,"showFog":true,"showSkybox":true,"showFlares":true,"showImageEffects":true,"showParticleSystems":true,"showVisualEffectGraphs":true,"m_FxEnabled":true},"in2DMode":false,"pivot":{"x":3.7528958320617677,"y":15.098371505737305,"z":15.977779388427735},"rotation":{"x":-0.05386374518275261,"y":0.9377002716064453,"z":-0.3011127710342407,"w":-0.1662067174911499},"size":0.6374997496604919,"orthographic":false}