{"cameraMode":{"drawMode":0,"name":"Shaded","section":"Shading Mode"},"sceneLighting":true,"audioPlay":false,"sceneViewState":{"m_AlwaysRefresh":false,"showFog":true,"showSkybox":true,"showFlares":true,"showImageEffects":true,"showParticleSystems":true,"showVisualEffectGraphs":true,"m_FxEnabled":true},"in2DMode":false,"pivot":{"x":-23.290407180786134,"y":-4.730017185211182,"z":42.165245056152347},"rotation":{"x":-0.40605220198631289,"y":0.35476163029670718,"z":-0.17519721388816834,"w":-0.8244727849960327},"size":31.46600341796875,"orthographic":false}