{"cameraMode":{"drawMode":0,"name":"Shaded","section":"Shading Mode"},"sceneLighting":true,"audioPlay":false,"sceneViewState":{"m_AlwaysRefresh":false,"showFog":true,"showSkybox":true,"showFlares":true,"showImageEffects":true,"showParticleSystems":true,"showVisualEffectGraphs":true,"m_FxEnabled":true},"in2DMode":false,"pivot":{"x":22.340543746948243,"y":25.400245666503908,"z":-23.333271026611329},"rotation":{"x":0.22454586625099183,"y":-0.13167788088321687,"z":0.030640898272395135,"w":0.965106725692749},"size":15.386476516723633,"orthographic":false}