{"cameraMode":{"drawMode":0,"name":"Shaded","section":"Shading Mode"},"sceneLighting":true,"audioPlay":false,"sceneViewState":{"m_AlwaysRefresh":false,"showFog":true,"showSkybox":true,"showFlares":true,"showImageEffects":true,"showParticleSystems":true,"showVisualEffectGraphs":true,"m_FxEnabled":true},"in2DMode":false,"pivot":{"x":-35.95529556274414,"y":-3.3593101501464845,"z":23.340900421142579},"rotation":{"x":-0.3583012521266937,"y":0.07272005081176758,"z":-0.027744675055146219,"w":-0.9306324124336243},"size":18.269725799560548,"orthographic":false}