{"cameraMode":{"drawMode":0,"name":"Shaded","section":"Shading Mode"},"sceneLighting":false,"audioPlay":false,"sceneViewState":{"m_AlwaysRefresh":false,"showFog":true,"showSkybox":true,"showFlares":true,"showImageEffects":true,"showParticleSystems":true,"showVisualEffectGraphs":true,"m_FxEnabled":true},"in2DMode":false,"pivot":{"x":-1.9171286821365357,"y":139.8231658935547,"z":-2.1626620292663576},"rotation":{"x":-0.29583582282066347,"y":0.07977772504091263,"z":-0.024849455803632737,"w":-0.9516467452049255},"size":9.867085456848145,"orthographic":false}