{"cameraMode":{"drawMode":0,"name":"Shaded","section":"Shading Mode"},"sceneLighting":true,"audioPlay":false,"sceneViewState":{"m_AlwaysRefresh":false,"showFog":true,"showSkybox":true,"showFlares":true,"showImageEffects":true,"showParticleSystems":true,"showVisualEffectGraphs":true,"m_FxEnabled":true},"in2DMode":false,"pivot":{"x":-86.93769073486328,"y":12.024660110473633,"z":56.241458892822269},"rotation":{"x":-0.5838332176208496,"y":0.27630406618118288,"z":-0.22062399983406068,"w":-0.7313768863677979},"size":10.958084106445313,"orthographic":false}