{"cameraMode":{"drawMode":0,"name":"Shaded","section":"Shading Mode"},"sceneLighting":true,"audioPlay":false,"sceneViewState":{"m_AlwaysRefresh":false,"showFog":true,"showSkybox":true,"showFlares":true,"showImageEffects":true,"showParticleSystems":true,"showVisualEffectGraphs":true,"m_FxEnabled":true},"in2DMode":false,"pivot":{"x":-11.025981903076172,"y":14.002510070800782,"z":-9.854192733764649},"rotation":{"x":-0.22154772281646729,"y":-0.09112785756587982,"z":0.020797910168766977,"w":-0.9706611633300781},"size":6.387759685516357,"orthographic":false}