{"cameraMode":{"drawMode":0,"name":"Shaded","section":"Shading Mode"},"sceneLighting":true,"audioPlay":false,"sceneViewState":{"m_AlwaysRefresh":false,"showFog":true,"showSkybox":true,"showFlares":true,"showImageEffects":true,"showParticleSystems":true,"showVisualEffectGraphs":true,"m_FxEnabled":true},"in2DMode":false,"pivot":{"x":-26.169132232666017,"y":13.945022583007813,"z":5.731160640716553},"rotation":{"x":-0.30770188570022585,"y":0.3051969110965729,"z":-0.10454022884368897,"w":-0.8954108953475952},"size":5.9519829750061039,"orthographic":false}