{"cameraMode":{"drawMode":0,"name":"Shaded","section":"Shading Mode"},"sceneLighting":false,"audioPlay":false,"sceneViewState":{"m_AlwaysRefresh":false,"showFog":true,"showSkybox":false,"showFlares":true,"showImageEffects":true,"showParticleSystems":true,"showVisualEffectGraphs":true,"m_FxEnabled":true},"in2DMode":false,"pivot":{"x":0.09656774997711182,"y":0.21982887387275697,"z":0.005683325231075287},"rotation":{"x":0.011684421449899674,"y":0.9758034944534302,"z":-0.21166053414344788,"w":0.053912900388240817},"size":0.34311506152153017,"orthographic":false}