{"cameraMode":{"drawMode":0,"name":"Shaded","section":"Shading Mode"},"sceneLighting":false,"audioPlay":false,"sceneViewState":{"m_AlwaysRefresh":false,"showFog":true,"showSkybox":true,"showFlares":true,"showImageEffects":true,"showParticleSystems":true,"showVisualEffectGraphs":true,"m_FxEnabled":true},"in2DMode":false,"pivot":{"x":2.199350118637085,"y":24.656959533691408,"z":-4.083627223968506},"rotation":{"x":0.09171519428491593,"y":0.8997439742088318,"z":-0.35978686809539797,"w":0.22935928404331208},"size":2.6820743083953859,"orthographic":false}