{"cameraMode":{"drawMode":0,"name":"Shaded","section":"Shading Mode"},"sceneLighting":false,"audioPlay":false,"sceneViewState":{"m_AlwaysRefresh":false,"showFog":true,"showSkybox":false,"showFlares":true,"showImageEffects":true,"showParticleSystems":true,"showVisualEffectGraphs":true,"m_FxEnabled":true},"in2DMode":false,"pivot":{"x":0.41497230529785159,"y":18.52105712890625,"z":0.015636444091796876},"rotation":{"x":-0.06542135030031204,"y":-0.9038593769073486,"z":0.14938509464263917,"w":-0.39579319953918459},"size":22.521041870117189,"orthographic":false}