{"cameraMode":{"drawMode":0,"name":"Shaded","section":"Shading Mode"},"sceneLighting":false,"audioPlay":false,"sceneViewState":{"m_AlwaysRefresh":false,"showFog":true,"showSkybox":false,"showFlares":true,"showImageEffects":true,"showParticleSystems":true,"showVisualEffectGraphs":true,"m_FxEnabled":true},"in2DMode":false,"pivot":{"x":29.86370849609375,"y":-0.16419506072998048,"z":29.70201873779297},"rotation":{"x":0.20224176347255708,"y":-0.05725427716970444,"z":0.011844792403280735,"w":0.9775903820991516},"size":11.042296409606934,"orthographic":true}