{"cameraMode":{"drawMode":0,"name":"Shaded","section":"Shading Mode"},"sceneLighting":false,"audioPlay":false,"sceneViewState":{"m_AlwaysRefresh":false,"showFog":true,"showSkybox":false,"showFlares":true,"showImageEffects":true,"showParticleSystems":true,"showVisualEffectGraphs":true,"m_FxEnabled":true},"in2DMode":false,"pivot":{"x":0.5460931062698364,"y":0.005684679374098778,"z":0.023952152580022813},"rotation":{"x":0.3229811191558838,"y":-0.07654567062854767,"z":0.026219021528959276,"w":0.9429420828819275},"size":0.08487340807914734,"orthographic":true}