{"cameraMode":{"drawMode":2,"name":"Shaded Wireframe","section":"Shading Mode"},"sceneLighting":false,"audioPlay":false,"sceneViewState":{"m_AlwaysRefresh":false,"showFog":true,"showSkybox":false,"showFlares":true,"showImageEffects":true,"showParticleSystems":true,"showVisualEffectGraphs":true,"m_FxEnabled":true},"in2DMode":false,"pivot":{"x":0.41497230529785159,"y":18.52105712890625,"z":0.015636444091796876},"rotation":{"x":0.2774095833301544,"y":0.33857864141464236,"z":-0.10518887639045716,"w":0.8930081725120544},"size":22.521041870117189,"orthographic":false}