{"cameraMode":{"drawMode":0,"name":"Shaded","section":"Shading Mode"},"sceneLighting":false,"audioPlay":false,"sceneViewState":{"m_AlwaysRefresh":false,"showFog":true,"showSkybox":true,"showFlares":true,"showImageEffects":true,"showParticleSystems":true,"showVisualEffectGraphs":true,"m_FxEnabled":true},"in2DMode":false,"pivot":{"x":0.4794495105743408,"y":0.7365110516548157,"z":0.477157860994339},"rotation":{"x":-0.36660563945770266,"y":0.3618452847003937,"z":-0.15748843550682069,"w":-0.8426102995872498},"size":50.859901428222659,"orthographic":false}